{"base":{"position":[1.0,0.0,0.0,0.0,0.0,1.0,0.0,0.0,0.0,0.0,1.0,0.0,0.0,0.0,0.06906202435493469,1.0],"rotation":[1.0,0.0,0.0,0.0,0.0,1.0,0.0,0.0,0.0,0.0,1.0,0.0,0.0,0.0,0.0,1.0]},"endeffector":{"position":[1.0,0.0,0.0,0.0,0.0,1.0,0.0,0.0,0.0,0.0,1.0,0.0,0.09992188215255737,2.164186716079712,3.6279218196868896,1.0],"rotation":[1.0,0.0,0.0,0.0,0.0,0.9641389846801758,0.26539841294288635,0.0,0.0,-0.26539841294288635,0.9641389846801758,0.0,0.0,0.0,0.0,1.0]},"segment1":{"position":[1.0,0.0,0.0,0.0,0.0,1.0,0.0,0.0,0.0,0.0,1.0,0.0,0.0,1.4684851169586182,-0.5077158212661743,1.0],"rotation":[1.0,0.0,0.0,0.0,0.0,0.9372202754020691,0.3487381637096405,0.0,0.0,-0.3487381637096405,0.9372202754020691,0.0,0.0,0.0,0.0,1.0]},"segment2":{"position":[1.0,0.0,0.0,0.0,0.0,1.0,0.0,0.0,0.0,0.0,1.0,0.0,0.0,3.7645928859710693,0.034624844789505005,1.0],"rotation":[0.9997161030769348,0.021222257986664772,-0.010898290202021599,0.0,-0.019585715606808662,0.9909247756004333,0.13298837840557098,0.0,0.013621700927615166,-0.13273711502552032,0.9910580515861511,0.0,0.0,0.0,0.0,1.0]},"segment3":{"position":[1.0,0.0,0.0,0.0,0.0,1.0,0.0,0.0,0.0,0.0,1.0,0.0,0.09246870130300522,-0.634671688079834,-1.2986871004104614,1.0],"rotation":[1.0,0.0,0.0,0.0,0.0,0.9024972319602966,0.4306957423686981,0.0,0.0,-0.4306957423686981,0.9024972319602966,0.0,0.0,0.0,0.0,1.0]}}
