{"base":{"position":[1.0,0.0,0.0,0.0,0.0,1.0,0.0,0.0,0.0,0.0,1.0,0.0,0.0,0.0,0.11300023645162582,1.0],"rotation":[1.0,0.0,0.0,0.0,0.0,1.0,0.0,0.0,0.0,0.0,1.0,0.0,0.0,0.0,0.0,1.0]},"cylinder1":{"position":[1.0,0.0,0.0,0.0,0.0,1.0,0.0,0.0,0.0,0.0,1.0,0.0,0.0,2.8317008018493652,-1.0746407508850098,1.0],"rotation":[1.0,0.0,0.0,0.0,0.0,1.0,0.0,0.0,0.0,0.0,1.0,0.0,0.0,0.0,0.0,1.0]},"cylinder2":{"position":[1.0,0.0,0.0,0.0,0.0,1.0,0.0,0.0,0.0,0.0,1.0,0.0,0.0,4.7148261070251465,1.1605631113052368,1.0],"rotation":[1.0,0.0,0.0,0.0,0.0,1.0,0.0,0.0,0.0,0.0,1.0,0.0,0.0,0.0,0.0,1.0]},"cylinder3":{"position":[1.0,0.0,0.0,0.0,0.0,1.0,0.0,0.0,0.0,0.0,1.0,0.0,0.0,3.3618574142456055,2.982640504837036,1.0],"rotation":[1.0,0.0,0.0,0.0,0.0,1.0,0.0,0.0,0.0,0.0,1.0,0.0,0.0,0.0,0.0,1.0]},"cylinder4":{"position":[1.0,0.0,0.0,0.0,0.0,1.0,0.0,0.0,0.0,0.0,1.0,0.0,0.0,0.0,0.0,1.0],"rotation":[1.0,0.0,0.0,0.0,0.0,1.0,0.0,0.0,0.0,0.0,1.0,0.0,0.0,0.0,0.0,1.0]},"endeffector":{"position":[1.0,0.0,0.0,0.0,0.0,1.0,0.0,0.0,0.0,0.0,1.0,0.0,0.012421886436641216,2.09220290184021,3.6147799491882324,1.0],"rotation":[1.0,0.0,0.0,0.0,0.0,0.9655190110206604,0.26033344864845276,0.0,0.0,-0.26033344864845276,0.9655190110206604,0.0,0.0,0.0,0.0,1.0]},"segment1":{"position":[1.0,0.0,0.0,0.0,0.0,1.0,0.0,0.0,0.0,0.0,1.0,0.0,0.06915618479251862,1.4684851169586182,-0.5077158212661743,1.0],"rotation":[1.0,0.0,0.0,0.0,0.0,0.9372202754020691,0.3487381637096405,0.0,0.0,-0.3487381637096405,0.9372202754020691,0.0,0.0,0.0,0.0,1.0]},"segment2":{"position":[1.0,0.0,0.0,0.0,0.0,1.0,0.0,0.0,0.0,0.0,1.0,0.0,0.0,3.7645928859710693,0.034624844789505005,1.0],"rotation":[0.9997161030769348,0.021222257986664772,-0.010898290202021599,0.0,-0.019585715606808662,0.9909247756004333,0.13298837840557098,0.0,0.013621700927615166,-0.13273711502552032,0.9910580515861511,0.0,0.0,0.0,0.0,1.0]},"segment3":{"position":[1.0,0.0,0.0,0.0,0.0,1.0,0.0,0.0,0.0,0.0,1.0,0.0,0.004484320059418678,-0.634671688079834,-1.2986871004104614,1.0],"rotation":[1.0,0.0,0.0,0.0,0.0,0.9024972319602966,0.4306957423686981,0.0,0.0,-0.4306957423686981,0.9024972319602966,0.0,0.0,0.0,0.0,1.0]}}
